<?xml version="1.0" encoding="UTF-8"?>
<beans xmlns="http://www.springframework.org/schema/beans"
	xmlns:xsi="http://www.w3.org/2001/XMLSchema-instance"
	xsi:schemaLocation="http://www.springframework.org/schema/beans http://www.springframework.org/schema/beans/spring-beans.xsd">

<bean id="sbu" class="com.cg.lab2.SBU">
<property name="sbuId" value="10"></property>
<property name="sbuName" value="Project"></property>
<property name="sbuHead" value="Polo"></property>
</bean>

<bean id="emp" class="com.cg.lab2.Employee">
<property name="empId" value="100"></property>
<property name="name" value="Dhanashri"></property>
<property name="salary" value="10000"></property>
<property name="BU" ref="sbu"></property>
</bean>


<bean class="com.cg.lab2.SBU">
</bean>
</beans>
