<?xml version="1.0" encoding="UTF-8"?>
<beans xmlns="http://www.springframework.org/schema/beans"
	xmlns:xsi="http://www.w3.org/2001/XMLSchema-instance"
	xmlns:context="http://www.springframework.org/schema/context"
	xsi:schemaLocation="http://www.springframework.org/schema/beans http://www.springframework.org/schema/beans/spring-beans-4.3.xsd
		http://www.springframework.org/schema/context http://www.springframework.org/schema/context/spring-context-4.3.xsd">
<bean id="sms" class="com.cg.ioc.TextSender"></bean>
<bean id="mail" class="com.cg.ioc.EmailSender" lazy-init="true"></bean>
<bean id="wap" class="com.cg.ioc.WhatsappSender"></bean>

<bean id="prod" class="com.cg.ioc.Producer"></bean>

<bean class="com.cg.ioc.MyLife" init-method="born" destroy-method="die">
</bean>
</beans>
